,Survived,Pclass,Sex,Age,Fare,Embarked,Family
0,0,3,0,1,0,0,2
1,1,1,1,2,3,1,2
2,1,3,1,1,1,0,1
3,1,1,1,2,3,0,2
4,0,3,0,2,1,0,1
5,0,3,0,1,1,2,1
6,0,1,0,3,3,0,1
7,0,3,0,0,2,0,5
8,1,3,1,1,1,0,3
9,1,2,1,0,2,1,2
10,1,3,1,0,2,0,3
11,1,1,1,3,2,0,1
12,0,3,0,1,1,0,1
13,0,3,0,2,3,0,7
14,0,3,1,0,0,0,1
15,1,2,1,3,2,0,1
16,0,3,0,0,2,2,6
17,1,2,0,1,1,0,1
18,0,3,1,1,2,0,2
19,1,3,1,1,0,1,1
20,0,2,0,2,2,0,1
21,1,2,0,2,1,0,1
22,1,3,1,0,1,2,1
23,1,1,0,1,3,0,1
24,0,3,1,0,2,0,5
25,1,3,1,2,3,0,7
26,0,3,0,1,0,1,1
27,0,1,0,1,3,0,6
28,1,3,1,1,0,2,1
29,0,3,0,1,0,0,1
30,0,1,0,2,2,1,1
31,1,1,1,2,3,1,2
32,1,3,1,1,0,2,1
33,0,2,0,4,1,0,1
34,0,1,0,1,3,1,2
35,0,1,0,2,3,0,2
36,1,3,0,1,0,1,1
37,0,3,0,1,1,0,1
38,0,3,1,1,2,0,3
39,1,3,1,0,1,1,2
40,0,3,1,2,1,0,2
41,0,2,1,1,2,0,2
42,0,3,0,1,0,1,1
43,1,2,1,0,3,1,4
44,1,3,1,1,0,2,1
45,0,3,0,1,1,0,1
46,0,3,0,1,2,2,2
47,1,3,1,1,0,2,1
48,0,3,0,1,2,1,3
49,0,3,1,1,2,0,2
50,0,3,0,0,3,0,6
51,0,3,0,1,0,0,1
52,1,1,1,3,3,1,2
53,1,2,1,1,2,0,2
54,0,1,0,4,3,1,2
55,1,1,0,2,3,0,1
56,1,2,1,1,1,0,1
57,0,3,0,1,0,1,1
58,1,2,1,0,2,0,4
59,0,3,0,0,3,0,8
60,0,3,0,1,0,1,1
61,1,1,1,2,3,0,1
62,0,1,0,2,3,0,2
63,0,3,0,0,2,0,6
64,0,1,0,2,2,1,1
65,1,3,0,1,2,1,3
66,1,2,1,1,1,0,1
67,0,3,0,1,1,0,1
68,1,3,1,1,1,0,7
69,0,3,0,1,1,0,3
70,0,2,0,1,1,0,1
71,0,3,1,0,3,0,8
72,0,2,0,1,3,0,1
73,0,3,0,1,2,1,2
74,1,3,0,1,3,0,1
75,0,3,0,1,0,0,1
76,0,3,0,1,0,0,1
77,0,3,0,1,1,0,1
78,1,2,0,0,2,0,3
79,1,3,1,1,1,0,1
80,0,3,0,1,1,0,1
81,1,3,0,1,1,0,1
82,1,3,1,1,0,2,1
83,0,1,0,1,3,0,1
84,1,2,1,1,1,0,1
85,1,3,1,2,2,0,4
86,0,3,0,0,3,0,5
87,0,3,0,1,1,0,1
88,1,1,1,1,3,0,6
89,0,3,0,1,1,0,1
90,0,3,0,1,1,0,1
91,0,3,0,1,0,0,1
92,0,1,0,2,3,0,2
93,0,3,0,1,2,0,4
94,0,3,0,3,0,0,1
95,0,3,0,1,1,0,1
96,0,1,0,4,3,1,1
97,1,1,0,1,3,1,2
98,1,2,1,2,2,0,2
99,0,2,0,2,2,0,2
100,0,3,1,1,0,0,1
101,0,3,0,1,0,0,1
102,0,1,0,1,3,0,2
103,0,3,0,2,1,0,1
104,0,3,0,2,1,0,3
105,0,3,0,1,0,0,1
106,1,3,1,1,0,0,1
107,1,3,0,1,0,0,1
108,0,3,0,2,0,0,1
109,1,3,1,1,2,2,2
110,0,1,0,2,3,0,1
111,0,3,1,0,2,1,2
112,0,3,0,1,1,0,1
113,0,3,1,1,1,0,2
114,0,3,1,1,2,1,1
115,0,3,0,1,1,0,1
116,0,3,0,4,0,2,1
117,0,2,0,1,2,0,2
118,0,1,0,1,3,1,2
119,0,3,1,0,3,0,7
120,0,2,0,1,3,0,3
121,0,3,0,1,1,0,1
122,0,2,0,1,2,1,2
123,1,2,1,1,1,0,1
124,0,1,0,3,3,0,2
125,1,3,0,0,1,1,2
126,0,3,0,1,0,2,1
127,1,3,0,1,0,0,1
128,1,3,1,1,2,1,3
129,0,3,0,2,0,0,1
130,0,3,0,2,0,1,1
131,0,3,0,1,0,0,1
132,0,3,1,2,2,0,2
133,1,2,1,1,2,0,2
134,0,2,0,1,1,0,1
135,0,2,0,1,2,1,1
136,1,1,1,1,2,0,3
137,0,1,0,2,3,0,2
138,0,3,0,0,1,0,1
139,0,1,0,1,3,1,1
140,0,3,1,1,2,1,3
141,1,3,1,1,0,0,1
142,1,3,1,1,2,0,2
143,0,3,0,1,0,2,1
144,0,2,0,1,1,0,1
145,0,2,0,1,3,0,3
146,1,3,0,1,0,0,1
147,0,3,1,0,3,0,5
148,0,2,0,2,2,0,3
149,0,2,0,2,1,0,1
150,0,2,0,3,1,0,1
151,1,1,1,1,3,0,2
152,0,3,0,3,1,0,1
153,0,3,0,2,2,0,3
154,0,3,0,1,0,0,1
155,0,1,0,3,3,1,2
156,1,3,1,0,0,2,1
157,0,3,0,1,1,0,1
158,0,3,0,1,1,0,1
159,0,3,0,1,3,0,11
160,0,3,0,2,2,0,2
161,1,2,1,2,2,0,1
162,0,3,0,1,0,0,1
163,0,3,0,1,1,0,1
164,0,3,0,0,3,0,6
165,1,3,0,0,2,0,3
166,1,1,1,2,3,0,2
167,0,3,1,2,2,0,6
168,0,1,0,2,2,0,1
169,0,3,0,1,3,0,1
170,0,1,0,3,3,0,1
171,0,3,0,0,2,2,6
172,1,3,1,0,1,0,3
173,0,3,0,1,1,0,1
174,0,1,0,3,2,1,1
175,0,3,0,1,0,0,3
176,0,3,0,1,2,0,5
177,0,1,1,3,2,1,1
178,0,2,0,1,1,0,1
179,0,3,0,2,0,0,1
180,0,3,1,1,3,0,11
181,0,2,0,1,2,1,1
182,0,3,0,0,3,0,7
183,1,2,0,0,3,0,4
184,1,3,1,0,2,0,3
185,0,1,0,2,3,0,1
186,1,3,1,1,2,2,2
187,1,1,0,2,2,0,1
188,0,3,0,2,2,2,3
189,0,3,0,2,0,0,1
190,1,2,1,1,1,0,1
191,0,2,0,1,1,0,1
192,1,3,1,1,0,0,2
193,1,2,0,0,2,0,3
194,1,1,1,2,2,1,1
195,1,1,1,3,3,1,1
196,0,3,0,1,0,2,1
197,0,3,0,2,1,0,2
198,1,3,1,1,0,2,1
199,0,2,1,1,1,0,1
200,0,3,0,1,1,0,1
201,0,3,0,1,3,0,11
202,0,3,0,2,0,0,1
203,0,3,0,2,0,1,1
204,1,3,0,1,1,0,1
205,0,3,1,0,1,0,2
206,0,3,0,1,2,0,2
207,1,3,0,1,2,1,1
208,1,3,1,0,0,2,1
209,1,1,0,2,2,1,1
210,0,3,0,1,0,0,1
211,1,2,1,2,2,0,1
212,0,3,0,1,0,0,1
213,0,2,0,1,1,0,1
214,0,3,0,1,0,2,2
215,1,1,1,1,3,1,2
216,1,3,1,1,1,0,1
217,0,2,0,2,2,0,2
218,1,1,1,1,3,1,1
219,0,2,0,1,1,0,1
220,1,3,0,0,1,0,1
221,0,2,0,1,1,0,1
222,0,3,0,3,1,0,1
223,0,3,0,1,0,0,1
224,1,1,0,2,3,0,2
225,0,3,0,1,1,0,1
226,1,2,0,1,1,0,1
227,0,3,0,1,0,0,1
228,0,2,0,1,1,0,1
229,0,3,1,1,2,0,5
230,1,1,1,2,3,0,2
231,0,3,0,1,0,0,1
232,0,2,0,3,1,0,1
233,1,3,1,0,3,0,7
234,0,2,0,1,1,0,1
235,0,3,1,1,0,0,1
236,0,2,0,2,2,0,2
237,1,2,1,0,2,0,3
238,0,2,0,1,1,0,1
239,0,2,0,2,1,0,1
240,0,3,1,1,2,1,2
241,1,3,1,1,2,2,2
242,0,2,0,1,1,0,1
243,0,3,0,1,0,0,1
244,0,3,0,1,0,1,1
245,0,1,0,2,3,2,3
246,0,3,1,1,0,0,1
247,1,2,1,1,2,0,3
248,1,1,0,2,3,0,3
249,0,2,0,3,2,0,2
250,0,3,0,1,0,0,1
251,0,3,1,1,1,0,3
252,0,1,0,3,2,0,1
253,0,3,0,1,2,0,2
254,0,3,1,2,2,0,3
255,1,3,1,1,2,1,3
256,1,1,1,2,3,1,1
257,1,1,1,1,3,0,1
258,1,1,1,2,3,1,1
259,1,2,1,3,2,0,2
260,0,3,0,1,0,2,1
261,1,3,0,0,3,0,7
262,0,1,0,3,3,0,3
263,0,1,0,2,0,0,1
264,0,3,1,1,0,2,1
265,0,2,0,2,1,0,1
266,0,3,0,0,3,0,6
267,1,3,0,1,0,0,2
268,1,1,1,3,3,0,2
269,1,1,1,2,3,0,1
270,0,1,0,2,2,0,1
271,1,3,0,1,0,0,1
272,1,2,1,2,2,0,2
273,0,1,0,2,2,1,2
274,1,3,1,1,0,2,1
275,1,1,1,3,3,0,2
276,0,3,1,2,0,0,1
277,0,2,0,1,0,0,1
278,0,3,0,0,2,2,6
279,1,3,1,2,2,0,3
280,0,3,0,4,0,2,1
281,0,3,0,1,0,0,1
282,0,3,0,0,1,0,1
283,1,3,0,1,1,0,1
284,0,1,0,2,2,0,1
285,0,3,0,2,1,1,1
286,1,3,0,1,1,0,1
287,0,3,0,1,0,0,1
288,1,2,0,2,1,0,1
289,1,3,1,1,0,2,1
290,1,1,1,1,3,0,1
291,1,1,1,1,3,1,2
292,0,2,0,2,1,1,1
293,0,3,1,1,1,0,1
294,0,3,0,1,0,0,1
295,0,1,0,2,2,1,1
296,0,3,0,1,0,1,1
297,0,1,1,0,3,0,4
298,1,1,0,2,2,0,1
299,1,1,1,3,3,1,2
300,1,3,1,1,0,2,1
301,1,3,0,1,2,2,3
302,0,3,0,1,0,0,1
303,1,2,1,1,1,2,1
304,0,3,0,1,1,0,1
305,1,1,0,0,3,0,4
306,1,1,1,2,3,1,1
307,1,1,1,1,3,1,2
308,0,2,0,1,2,1,2
309,1,1,1,1,3,1,1
310,1,1,1,1,3,1,1
311,1,1,1,1,3,1,5
312,0,2,1,1,2,0,3
313,0,3,0,1,0,0,1
314,0,2,0,2,2,0,3
315,1,3,1,1,0,0,1
316,1,2,1,1,2,0,2
317,0,2,0,3,1,0,1
318,1,1,1,1,3,0,3
319,1,1,1,2,3,1,3
320,0,3,0,1,0,0,1
321,0,3,0,1,0,0,1
322,1,2,1,1,1,2,1
323,1,2,1,1,2,0,3
324,0,3,0,1,3,0,11
325,1,1,1,2,3,1,1
326,0,3,0,3,0,0,1
327,1,2,1,2,1,0,1
328,1,3,1,1,2,0,3
329,1,1,1,0,3,1,2
330,1,3,1,1,2,2,3
331,0,1,0,2,2,0,1
332,0,1,0,2,3,0,2
333,0,3,0,0,2,0,3
334,1,1,1,2,3,0,2
335,0,3,0,1,0,0,1
336,0,1,0,1,3,0,2
337,1,1,1,2,3,1,1
338,1,3,0,2,1,0,1
339,0,1,0,2,3,0,1
340,1,2,0,0,2,0,3
341,1,1,1,1,3,0,6
342,0,2,0,1,1,0,1
343,0,2,0,1,1,0,1
344,0,2,0,2,1,0,1
345,1,2,1,1,1,0,1
346,1,2,1,2,1,0,1
347,1,3,1,1,2,0,2
348,1,3,0,0,2,0,3
349,0,3,0,2,1,0,1
350,0,3,0,1,1,0,1
351,0,1,0,2,3,0,1
352,0,3,0,0,0,1,3
353,0,3,0,1,2,0,2
354,0,3,0,1,0,1,1
355,0,3,0,1,1,0,1
356,1,1,1,1,3,0,2
357,0,2,1,2,1,0,1
358,1,3,1,1,0,2,1
359,1,3,1,1,0,2,1
360,0,3,0,2,2,0,6
361,0,2,0,1,2,1,2
362,0,3,1,2,2,1,2
363,0,3,0,2,0,0,1
364,0,3,0,1,2,2,2
365,0,3,0,1,0,0,1
366,1,1,1,3,3,1,2
367,1,3,1,1,0,1,1
368,1,3,1,1,0,2,1
369,1,1,1,1,3,1,1
370,1,1,0,1,3,1,2
371,0,3,0,1,0,0,2
372,0,3,0,1,1,0,1
373,0,1,0,1,3,1,1
374,0,3,1,0,2,0,5
375,1,1,1,2,3,1,2
376,1,3,1,1,0,0,1
377,0,1,0,1,3,1,3
378,0,3,0,1,0,1,1
379,0,3,0,1,0,0,1
380,1,1,1,2,3,1,1
381,1,3,1,0,2,1,3
382,0,3,0,1,1,0,1
383,1,1,1,2,3,0,2
384,0,3,0,1,0,0,1
385,0,2,0,1,3,0,1
386,0,3,0,0,3,0,8
387,1,2,1,2,1,0,1
388,0,3,0,1,0,2,1
389,1,2,1,1,1,1,1
390,1,1,0,2,3,0,4
391,1,3,0,1,0,0,1
392,0,3,0,1,1,0,3
393,1,1,1,1,3,1,2
394,1,3,1,1,2,0,3
395,0,3,0,1,0,0,1
396,0,3,1,1,0,0,1
397,0,2,0,2,2,0,1
398,0,2,0,1,1,0,1
399,1,2,1,1,1,0,1
400,1,3,0,2,1,0,1
401,0,3,0,1,1,0,1
402,0,3,1,1,1,0,2
403,0,3,0,1,2,0,2
404,0,3,1,1,1,0,1
405,0,2,0,2,2,0,2
406,0,3,0,3,0,0,1
407,1,2,0,0,2,0,3
408,0,3,0,1,0,0,1
409,0,3,1,1,2,0,5
410,0,3,0,1,0,0,1
411,0,3,0,1,0,2,1
412,1,1,1,2,3,2,2
413,0,2,0,1,0,0,1
414,1,3,0,2,1,0,1
415,0,3,1,1,1,0,1
416,1,2,1,2,3,0,3
417,1,2,1,1,1,0,3
418,0,2,0,1,1,0,1
419,0,3,1,0,2,0,3
420,0,3,0,1,0,1,1
421,0,3,0,1,0,2,1
422,0,3,0,1,0,0,1
423,0,3,1,1,1,0,3
424,0,3,0,1,2,0,3
425,0,3,0,1,0,0,1
426,1,2,1,1,2,0,2
427,1,2,1,1,2,0,1
428,0,3,0,1,0,2,1
429,1,3,0,1,1,0,1
430,1,1,0,1,2,0,1
431,1,3,1,1,2,0,2
432,1,2,1,2,2,0,2
433,0,3,0,1,0,0,1
434,0,1,0,3,3,0,2
435,1,1,1,0,3,0,4
436,0,3,1,1,3,0,5
437,1,2,1,1,2,0,6
438,0,1,0,3,3,0,6
439,0,2,0,1,1,0,1
440,1,2,1,2,2,0,3
441,0,3,0,1,1,0,1
442,0,3,0,1,0,0,2
443,1,2,1,1,1,0,1
444,1,3,0,1,1,0,1
445,1,1,0,0,3,0,3
446,1,2,1,0,2,0,2
447,1,1,0,2,2,0,1
448,1,3,1,0,2,1,4
449,1,1,0,3,2,0,1
450,0,2,0,2,2,0,4
451,0,3,0,1,2,0,2
452,0,1,0,1,2,1,1
453,1,1,0,3,3,1,2
454,0,3,0,1,1,0,1
455,1,3,0,1,0,1,1
456,0,1,0,4,2,0,1
457,1,1,1,2,3,0,2
458,1,2,1,3,1,0,1
459,0,3,0,1,0,2,1
460,1,1,0,2,2,0,1
461,0,3,0,2,1,0,1
462,0,1,0,2,3,0,1
463,0,2,0,2,1,0,1
464,0,3,0,1,1,0,1
465,0,3,0,2,0,0,1
466,0,2,0,1,0,0,1
467,0,1,0,3,2,0,1
468,0,3,0,1,0,2,1
469,1,3,1,0,2,1,4
470,0,3,0,1,0,0,1
471,0,3,0,2,1,0,1
472,1,2,1,2,2,0,4
473,1,2,1,1,1,1,1
474,0,3,1,1,1,0,1
475,0,1,0,2,3,0,1
476,0,2,0,2,2,0,2
477,0,3,0,1,0,0,2
478,0,3,0,1,0,0,1
479,1,3,1,0,1,0,2
480,0,3,0,0,3,0,8
481,0,2,0,1,0,0,1
482,0,3,0,3,1,0,1
483,1,3,1,3,1,0,1
484,1,1,0,1,3,1,2
485,0,3,1,1,2,0,5
486,1,1,1,2,3,0,2
487,0,1,0,3,2,1,1
488,0,3,0,1,1,0,1
489,1,3,0,0,2,0,3
490,0,3,0,1,2,0,2
491,0,3,0,1,0,0,1
492,0,1,0,3,2,0,1
493,0,1,0,4,3,1,1
494,0,3,0,1,1,0,1
495,0,3,0,1,2,1,1
496,1,1,1,3,3,1,2
497,0,3,0,1,2,0,1
498,0,1,1,1,3,0,4
499,0,3,0,1,0,0,1
500,0,3,0,1,1,0,1
501,0,3,1,1,0,2,1
502,0,3,1,1,0,2,1
503,0,3,1,2,1,0,1
504,1,1,1,0,3,0,1
505,0,1,0,1,3,1,2
506,1,2,1,2,2,0,3
507,1,1,0,2,2,0,1
508,0,3,0,1,2,0,1
509,1,3,0,1,3,0,1
510,1,3,0,1,0,2,1
511,0,3,0,1,1,0,1
512,1,1,0,2,2,0,1
513,1,1,1,3,3,1,2
514,0,3,0,1,0,0,1
515,0,1,0,2,3,0,1
516,1,2,1,2,1,0,1
517,0,3,0,1,2,2,1
518,1,2,1,2,2,0,2
519,0,3,0,1,0,0,1
520,1,1,1,1,3,0,1
521,0,3,0,1,0,0,1
522,0,3,0,1,0,1,1
523,1,1,1,2,3,1,2
524,0,3,0,1,0,1,1
525,0,3,0,2,0,2,1
526,1,2,1,3,1,0,1
527,0,1,0,2,3,0,1
528,0,3,0,2,1,0,1
529,0,2,0,1,1,0,4
530,1,2,1,0,2,0,3
531,0,3,0,1,0,1,1
532,0,3,0,1,0,1,3
533,1,3,1,1,2,1,3
534,0,3,1,1,1,0,1
535,1,2,1,0,2,0,3
536,0,1,0,2,2,0,1
537,1,1,1,1,3,1,1
538,0,3,0,1,2,0,1
539,1,1,1,1,3,1,3
540,1,1,1,2,3,0,3
541,0,3,1,0,3,0,7
542,0,3,1,0,3,0,7
543,1,2,0,1,2,0,2
544,0,1,0,3,3,1,2
545,0,1,0,3,2,0,1
546,1,2,1,1,2,0,2
547,1,2,0,1,1,1,1
548,0,3,0,2,2,0,3
549,1,2,0,0,3,0,3
550,1,1,0,1,3,1,3
551,0,2,0,1,2,0,1
552,0,3,0,1,0,2,1
553,1,3,0,1,0,1,1
554,1,3,1,1,0,0,1
555,0,1,0,3,2,0,1
556,1,1,1,2,3,1,2
557,0,1,0,2,3,1,1
558,1,1,1,2,3,0,3
559,1,3,1,2,2,0,2
560,0,3,0,1,0,2,1
561,0,3,0,2,0,0,1
562,0,2,0,1,1,0,1
563,0,3,0,1,1,0,1
564,0,3,1,1,1,0,1
565,0,3,0,1,2,0,3
566,0,3,0,1,0,0,1
567,0,3,1,1,2,0,5
568,0,3,0,1,0,1,1
569,1,3,0,1,0,0,1
570,1,2,0,3,1,0,1
571,1,1,1,3,3,0,3
572,1,1,0,2,2,0,1
573,1,3,1,1,0,2,1
574,0,3,0,0,1,0,1
575,0,3,0,1,2,0,1
576,1,2,1,2,1,0,1
577,1,1,1,2,3,0,2
578,0,3,1,1,2,1,2
579,1,3,0,1,1,0,1
580,1,2,1,1,2,0,3
581,1,1,1,2,3,1,3
582,0,2,0,3,2,0,1
583,0,1,0,2,3,1,1
584,0,3,0,1,1,1,1
585,1,1,1,1,3,0,3
586,0,2,0,2,2,0,1
587,1,1,0,3,3,1,3
588,0,3,0,1,1,0,1
589,0,3,0,1,1,0,1
590,0,3,0,2,0,0,1
591,1,1,1,3,3,1,2
592,0,3,0,2,0,0,1
593,0,3,1,1,0,2,3
594,0,2,0,2,2,0,2
595,0,3,0,2,2,0,3
596,1,2,1,1,3,0,1
597,0,3,0,3,0,0,1
598,0,3,0,1,0,1,1
599,1,1,0,3,3,1,2
600,1,2,1,1,2,0,4
601,0,3,0,1,0,0,1
602,0,1,0,2,3,0,1
603,0,3,0,2,1,0,1
604,1,1,0,2,2,1,1
605,0,3,0,2,2,0,2
606,0,3,0,1,0,0,1
607,1,1,0,1,2,0,1
608,1,2,1,1,3,1,4
609,1,1,1,2,3,0,1
610,0,3,1,2,3,0,7
611,0,3,0,1,0,0,1
612,1,3,1,1,2,2,2
613,0,3,0,1,0,2,1
614,0,3,0,2,1,0,1
615,1,2,1,1,3,0,4
616,0,3,0,2,1,0,3
617,0,3,1,1,2,0,2
618,1,2,1,0,3,0,4
619,0,2,0,1,1,0,1
620,0,3,0,1,2,1,2
621,1,1,0,2,3,0,2
622,1,3,0,1,2,1,3
623,0,3,0,1,0,0,1
624,0,3,0,1,2,0,1
625,0,1,0,3,3,0,1
626,0,2,0,3,1,2,1
627,1,1,1,1,3,0,1
628,0,3,0,1,0,0,1
629,0,3,0,1,0,2,1
630,1,1,0,4,2,0,1
631,0,3,0,3,0,0,1
632,1,1,0,1,2,1,1
633,0,1,0,2,0,0,1
634,0,3,1,0,2,0,6
635,1,2,1,1,1,0,1
636,0,3,0,1,1,0,1
637,0,2,0,1,2,0,3
638,0,3,1,2,3,0,6
639,0,3,0,1,2,0,2
640,0,3,0,1,0,0,1
641,1,1,1,1,3,1,1
642,0,3,1,0,2,0,6
643,1,3,0,1,3,0,1
644,1,3,1,0,2,1,4
645,1,1,0,2,3,1,2
646,0,3,0,1,0,0,1
647,1,1,0,3,3,1,1
648,0,3,0,1,0,0,1
649,1,3,1,1,0,0,1
650,0,3,0,1,0,0,1
651,1,2,1,1,2,0,2
652,0,3,0,1,1,0,1
653,1,3,1,1,0,2,1
654,0,3,1,1,0,2,1
655,0,2,0,1,3,0,3
656,0,3,0,1,0,0,1
657,0,3,1,1,2,2,3
658,0,2,0,1,1,0,1
659,0,1,0,3,3,1,3
660,1,1,0,3,3,0,3
661,0,3,0,2,0,1,1
662,0,1,0,2,2,0,1
663,0,3,0,2,0,0,1
664,1,3,0,1,1,0,2
665,0,2,0,1,3,0,3
666,0,2,0,1,1,0,1
667,0,3,0,1,0,0,1
668,0,3,0,2,1,0,1
669,1,1,1,2,3,0,2
670,1,2,1,2,3,0,3
671,0,1,0,1,3,0,2
672,0,2,0,4,1,0,1
673,1,2,0,1,1,0,1
674,0,2,0,1,0,0,1
675,0,3,0,1,0,0,1
676,0,3,0,1,1,0,1
677,1,3,1,1,1,0,1
678,0,3,1,2,3,0,8
679,1,1,0,2,3,1,2
680,0,3,1,1,1,2,1
681,1,1,0,1,3,1,1
682,0,3,0,1,1,0,1
683,0,3,0,0,3,0,8
684,0,2,0,3,3,0,3
685,0,2,0,1,3,1,4
686,0,3,0,0,3,0,6
687,0,3,0,1,1,0,1
688,0,3,0,1,0,0,1
689,1,1,1,0,3,0,2
690,1,1,0,1,3,0,2
691,1,3,1,0,1,1,2
692,1,3,0,1,3,0,1
693,0,3,0,1,0,1,1
694,0,1,0,3,2,0,1
695,0,2,0,3,1,0,1
696,0,3,0,2,1,0,1
697,1,3,1,1,0,2,1
698,0,1,0,3,3,1,3
699,0,3,0,2,0,0,1
700,1,1,1,1,3,1,2
701,1,1,0,2,2,0,1
702,0,3,1,1,2,1,2
703,0,3,0,1,0,2,1
704,0,3,0,1,0,0,2
705,0,2,0,2,2,0,1
706,1,2,1,2,1,0,1
707,1,1,0,2,2,0,1
708,1,1,1,1,3,0,1
709,1,3,0,1,2,1,3
710,1,1,1,1,3,1,1
711,0,1,0,2,2,0,1
712,1,1,0,2,3,0,2
713,0,3,0,1,1,0,1
714,0,2,0,3,1,0,1
715,0,3,0,1,0,0,1
716,1,1,1,2,3,1,1
717,1,2,1,1,1,0,1
718,0,3,0,1,2,2,1
719,0,3,0,2,0,0,1
720,1,2,1,0,3,0,2
721,0,3,0,1,0,0,2
722,0,2,0,2,1,0,1
723,0,2,0,3,1,0,1
724,1,1,0,1,3,0,2
725,0,3,0,1,1,0,1
726,1,2,1,1,2,0,4
727,1,3,1,1,0,2,1
728,0,2,0,1,2,0,2
729,0,3,1,1,1,0,2
730,1,1,1,1,3,0,1
731,0,3,0,0,2,1,1
732,0,2,0,1,0,0,1
733,0,2,0,1,1,0,1
734,0,2,0,1,1,0,1
735,0,3,0,1,2,0,1
736,0,3,1,2,3,0,5
737,1,1,0,2,3,1,1
738,0,3,0,1,0,0,1
739,0,3,0,1,0,0,1
740,1,1,0,2,2,0,1
741,0,1,0,2,3,0,2
742,1,1,1,1,3,1,5
743,0,3,0,1,2,0,2
744,1,3,0,1,1,0,1
745,0,1,0,4,3,0,3
746,0,3,0,0,2,0,3
747,1,2,1,1,1,0,1
748,0,1,0,1,3,0,2
749,0,3,0,1,0,2,1
750,1,2,1,0,2,0,3
751,1,3,0,0,1,0,2
752,0,3,0,2,1,0,1
753,0,3,0,1,0,0,1
754,1,2,1,2,3,0,4
755,1,2,0,0,2,0,3
756,0,3,0,1,0,0,1
757,0,2,0,1,1,0,1
758,0,3,0,2,1,0,1
759,1,1,1,2,3,0,1
760,0,3,0,1,2,0,1
761,0,3,0,2,0,0,1
762,1,3,0,1,0,1,1
763,1,1,1,2,3,0,4
764,0,3,0,0,0,0,1
765,1,1,1,3,3,0,2
766,0,1,0,2,3,1,1
767,0,3,1,1,0,2,1
768,0,3,0,1,2,2,2
769,0,3,0,1,1,0,1
770,0,3,0,1,1,0,1
771,0,3,0,2,0,0,1
772,0,2,1,3,1,0,1
773,0,3,0,1,0,1,1
774,1,2,1,3,2,0,5
775,0,3,0,1,0,0,1
776,0,3,0,1,0,2,1
777,1,3,1,0,1,0,1
778,0,3,0,1,0,2,1
779,1,1,1,2,3,0,2
780,1,3,1,0,0,1,1
781,1,1,1,1,3,0,2
782,0,1,0,1,2,0,1
783,0,3,0,1,2,0,4
784,0,3,0,1,0,0,1
785,0,3,0,1,0,0,1
786,1,3,1,1,0,0,1
787,0,3,0,0,2,2,6
788,1,3,0,0,2,0,4
789,0,1,0,2,3,1,1
790,0,3,0,1,0,2,1
791,0,2,0,0,2,0,1
792,0,3,1,1,3,0,11
793,0,1,0,2,2,1,1
794,0,3,0,1,0,0,1
795,0,2,0,2,1,0,1
796,1,1,1,3,2,0,1
797,1,3,1,1,1,0,1
798,0,3,0,1,0,1,1
799,0,3,1,1,2,0,3
800,0,2,0,2,1,0,1
801,1,2,1,1,2,0,3
802,1,1,0,0,3,0,4
803,1,3,0,0,1,1,2
804,1,3,0,1,0,0,1
805,0,3,0,1,0,0,1
806,0,1,0,2,0,0,1
807,0,3,1,1,0,0,1
808,0,2,0,2,1,0,1
809,1,1,1,2,3,0,2
810,0,3,0,1,0,0,1
811,0,3,0,2,2,0,1
812,0,2,0,2,1,0,1
813,0,3,1,0,3,0,7
814,0,3,0,1,1,0,1
815,0,1,0,2,0,0,1
816,0,3,1,1,1,0,1
817,0,2,0,1,3,1,3
818,0,3,0,2,0,0,1
819,0,3,0,0,2,0,6
820,1,1,1,3,3,0,3
821,1,3,0,1,1,0,1
822,0,1,0,2,0,0,1
823,1,3,1,1,1,0,2
824,0,3,0,0,3,0,6
825,0,3,0,1,0,2,1
826,0,3,0,1,3,0,1
827,1,2,0,0,3,1,3
828,1,3,0,1,0,2,1
829,1,1,1,3,3,0,1
830,1,3,1,0,2,1,2
831,1,2,0,0,2,0,3
832,0,3,0,1,0,1,1
833,0,3,0,1,0,0,1
834,0,3,0,1,1,0,1
835,1,1,1,2,3,1,3
836,0,3,0,1,1,0,1
837,0,3,0,1,1,0,1
838,1,3,0,1,3,0,1
839,1,1,0,2,2,1,1
840,0,3,0,1,1,0,1
841,0,2,0,0,1,0,1
842,1,1,1,1,2,1,1
843,0,3,0,2,0,1,1
844,0,3,0,1,1,0,1
845,0,3,0,2,0,0,1
846,0,3,0,1,3,0,11
847,0,3,0,2,0,1,1
848,0,2,0,1,3,0,2
849,1,1,1,2,3,1,2
850,0,3,0,0,3,0,7
851,0,3,0,4,0,0,1
852,0,3,1,0,2,1,3
853,1,1,1,0,3,0,2
854,0,2,1,2,2,0,2
855,1,3,1,1,1,0,2
856,1,1,1,2,3,0,3
857,1,1,0,3,2,0,1
858,1,3,1,1,2,1,4
859,0,3,0,1,0,1,1
860,0,3,0,2,1,0,3
861,0,2,0,1,1,0,2
862,1,1,1,2,2,0,1
863,0,3,1,1,3,0,11
864,0,2,0,1,1,0,1
865,1,2,1,2,1,0,1
866,1,2,1,1,1,1,2
867,0,1,0,1,3,0,1
868,0,3,0,1,1,0,1
869,1,3,0,0,1,0,3
870,0,3,0,1,0,0,1
871,1,1,1,2,3,0,3
872,0,1,0,2,0,0,1
873,0,3,0,2,1,0,1
874,1,2,1,1,2,1,2
875,1,3,1,0,0,1,1
876,0,3,0,1,1,0,1
877,0,3,0,1,0,0,1
878,0,3,0,1,0,0,1
879,1,1,1,3,3,1,2
880,1,2,1,1,2,0,2
881,0,3,0,2,0,0,1
882,0,3,1,1,1,0,1
883,0,2,0,1,1,0,1
884,0,3,0,1,0,0,1
885,0,3,1,2,2,2,6
886,0,2,0,1,1,0,1
887,1,1,1,1,2,0,1
888,0,3,1,1,2,0,4
889,1,1,0,1,2,1,1
890,0,3,0,1,0,2,1
